"filename", "language", "JavaScript", "Properties", "JSON", "Markdown", "XML", "JavaScript JSX", "HTML", "CSS", "JSON with Comments", "comment", "blank", "total"
"d:\Dibyojit\elogix_projects\veridata\general_setupImp\pfc_ui\.env", "Properties", 0, 1, 0, 0, 0, 0, 0, 0, 0, 3, 2, 6
"d:\Dibyojit\elogix_projects\veridata\general_setupImp\pfc_ui\.vs\VSWorkspaceState.json", "JSON", 0, 0, 6, 0, 0, 0, 0, 0, 0, 0, 0, 6
"d:\Dibyojit\elogix_projects\veridata\general_setupImp\pfc_ui\README.md", "Markdown", 0, 0, 0, 38, 0, 0, 0, 0, 0, 0, 33, 71
"d:\Dibyojit\elogix_projects\veridata\general_setupImp\pfc_ui\action.json", "JSON", 0, 0, 30, 0, 0, 0, 0, 0, 0, 0, 0, 30
"d:\Dibyojit\elogix_projects\veridata\general_setupImp\pfc_ui\config-overrides.js", "JavaScript", 6, 0, 0, 0, 0, 0, 0, 0, 0, 0, 1, 7
"d:\Dibyojit\elogix_projects\veridata\general_setupImp\pfc_ui\index.js", "JavaScript", 48, 0, 0, 0, 0, 0, 0, 0, 0, 6, 3, 57
"d:\Dibyojit\elogix_projects\veridata\general_setupImp\pfc_ui\jsconfig.json", "JSON with Comments", 0, 0, 0, 0, 0, 0, 0, 0, 8, 0, 0, 8
"d:\Dibyojit\elogix_projects\veridata\general_setupImp\pfc_ui\package-lock.json", "JSON", 0, 0, 31773, 0, 0, 0, 0, 0, 0, 0, 1, 31774
"d:\Dibyojit\elogix_projects\veridata\general_setupImp\pfc_ui\package.json", "JSON", 0, 0, 57, 0, 0, 0, 0, 0, 0, 0, 1, 58
"d:\Dibyojit\elogix_projects\veridata\general_setupImp\pfc_ui\public\index.html", "HTML", 0, 0, 0, 0, 0, 0, 160, 0, 0, 0, 20, 180
"d:\Dibyojit\elogix_projects\veridata\general_setupImp\pfc_ui\public\manifest.json", "JSON", 0, 0, 25, 0, 0, 0, 0, 0, 0, 0, 1, 26
"d:\Dibyojit\elogix_projects\veridata\general_setupImp\pfc_ui\public\playground_assets\redirect.svg", "XML", 0, 0, 0, 0, 6, 0, 0, 0, 0, 0, 0, 6
"d:\Dibyojit\elogix_projects\veridata\general_setupImp\pfc_ui\second.js", "JavaScript", 4, 0, 0, 0, 0, 0, 0, 0, 0, 0, 1, 5
"d:\Dibyojit\elogix_projects\veridata\general_setupImp\pfc_ui\src\action.json", "JSON", 0, 0, 46, 0, 0, 0, 0, 0, 0, 0, 0, 46
"d:\Dibyojit\elogix_projects\veridata\general_setupImp\pfc_ui\src\app\app-style.jsx", "JavaScript JSX", 0, 0, 0, 0, 0, 1001, 0, 0, 0, 185, 66, 1252
"d:\Dibyojit\elogix_projects\veridata\general_setupImp\pfc_ui\src\app\app.css", "CSS", 0, 0, 0, 0, 0, 0, 0, 1048, 0, 53, 113, 1214
"d:\Dibyojit\elogix_projects\veridata\general_setupImp\pfc_ui\src\app\app.jsx", "JavaScript JSX", 0, 0, 0, 0, 0, 54, 0, 0, 0, 1, 7, 62
"d:\Dibyojit\elogix_projects\veridata\general_setupImp\pfc_ui\src\app\icon.css", "CSS", 0, 0, 0, 0, 0, 0, 0, 5, 0, 0, 0, 5
"d:\Dibyojit\elogix_projects\veridata\general_setupImp\pfc_ui\src\app\index.js", "JavaScript", 2, 0, 0, 0, 0, 0, 0, 0, 0, 0, 0, 2
"d:\Dibyojit\elogix_projects\veridata\general_setupImp\pfc_ui\src\assets\images\backgrounds\login-bg.svg", "XML", 0, 0, 0, 0, 10, 0, 0, 0, 0, 0, 0, 10
"d:\Dibyojit\elogix_projects\veridata\general_setupImp\pfc_ui\src\assets\images\logos\VERIDATA_LOGO_FULL.svg", "XML", 0, 0, 0, 0, 11, 0, 0, 0, 0, 0, 1, 12
"d:\Dibyojit\elogix_projects\veridata\general_setupImp\pfc_ui\src\assets\images\logos\Veridata_logo_SVG.svg", "XML", 0, 0, 0, 0, 3, 0, 0, 0, 0, 0, 1, 4
"d:\Dibyojit\elogix_projects\veridata\general_setupImp\pfc_ui\src\assets\images\logos\dark-logo.svg", "XML", 0, 0, 0, 0, 7, 0, 0, 0, 0, 0, 1, 8
"d:\Dibyojit\elogix_projects\veridata\general_setupImp\pfc_ui\src\config.js", "JavaScript", 15, 0, 0, 0, 0, 0, 0, 0, 0, 0, 4, 19
"d:\Dibyojit\elogix_projects\veridata\general_setupImp\pfc_ui\src\hooks\useAuth.jsx", "JavaScript JSX", 0, 0, 0, 0, 0, 0, 0, 0, 0, 0, 1, 1
"d:\Dibyojit\elogix_projects\veridata\general_setupImp\pfc_ui\src\hooks\useScrollBlock.jsx", "JavaScript JSX", 0, 0, 0, 0, 0, 29, 0, 0, 0, 10, 11, 50
"d:\Dibyojit\elogix_projects\veridata\general_setupImp\pfc_ui\src\hooks\useWindowScrollPositions.jsx", "JavaScript JSX", 0, 0, 0, 0, 0, 15, 0, 0, 0, 1, 6, 22
"d:\Dibyojit\elogix_projects\veridata\general_setupImp\pfc_ui\src\index.js", "JavaScript", 17, 0, 0, 0, 0, 0, 0, 0, 0, 0, 2, 19
"d:\Dibyojit\elogix_projects\veridata\general_setupImp\pfc_ui\src\modules\account\login\login-view.jsx", "JavaScript JSX", 0, 0, 0, 0, 0, 164, 0, 0, 0, 6, 10, 180
"d:\Dibyojit\elogix_projects\veridata\general_setupImp\pfc_ui\src\modules\account\logout\user-logout.jsx", "JavaScript JSX", 0, 0, 0, 0, 0, 0, 0, 0, 0, 0, 1, 1
"d:\Dibyojit\elogix_projects\veridata\general_setupImp\pfc_ui\src\modules\account\unauthorized\unauthorized-view.jsx", "JavaScript JSX", 0, 0, 0, 0, 0, 0, 0, 0, 0, 0, 1, 1
"d:\Dibyojit\elogix_projects\veridata\general_setupImp\pfc_ui\src\modules\appointee\register\appointee-register.jsx", "JavaScript JSX", 0, 0, 0, 0, 0, 1505, 0, 0, 0, 55, 92, 1652
"d:\Dibyojit\elogix_projects\veridata\general_setupImp\pfc_ui\src\modules\appointee\register\form-heading.jsx", "JavaScript JSX", 0, 0, 0, 0, 0, 19, 0, 0, 0, 0, 4, 23
"d:\Dibyojit\elogix_projects\veridata\general_setupImp\pfc_ui\src\modules\appointee\view\activity-log-details.jsx", "JavaScript JSX", 0, 0, 0, 0, 0, 81, 0, 0, 0, 4, 16, 101
"d:\Dibyojit\elogix_projects\veridata\general_setupImp\pfc_ui\src\modules\appointee\view\appointee-view.jsx", "JavaScript JSX", 0, 0, 0, 0, 0, 697, 0, 0, 0, 41, 26, 764
"d:\Dibyojit\elogix_projects\veridata\general_setupImp\pfc_ui\src\modules\attention\attention.jsx", "JavaScript JSX", 0, 0, 0, 0, 0, 120, 0, 0, 0, 11, 10, 141
"d:\Dibyojit\elogix_projects\veridata\general_setupImp\pfc_ui\src\modules\data-update\data-update.jsx", "JavaScript JSX", 0, 0, 0, 0, 0, 72, 0, 0, 0, 7, 9, 88
"d:\Dibyojit\elogix_projects\veridata\general_setupImp\pfc_ui\src\modules\data-upload\data-upload.jsx", "JavaScript JSX", 0, 0, 0, 0, 0, 73, 0, 0, 0, 6, 9, 88
"d:\Dibyojit\elogix_projects\veridata\general_setupImp\pfc_ui\src\modules\home\home-view.jsx", "JavaScript JSX", 0, 0, 0, 0, 0, 212, 0, 0, 0, 212, 28, 452
"d:\Dibyojit\elogix_projects\veridata\general_setupImp\pfc_ui\src\modules\home\index.js", "JavaScript", 1, 0, 0, 0, 0, 0, 0, 0, 0, 0, 0, 1
"d:\Dibyojit\elogix_projects\veridata\general_setupImp\pfc_ui\src\modules\home\widget\card-structure.jsx", "JavaScript JSX", 0, 0, 0, 0, 0, 121, 0, 0, 0, 16, 7, 144
"d:\Dibyojit\elogix_projects\veridata\general_setupImp\pfc_ui\src\modules\home\widget\critical-recruits.jsx", "JavaScript JSX", 0, 0, 0, 0, 0, 111, 0, 0, 0, 10, 11, 132
"d:\Dibyojit\elogix_projects\veridata\general_setupImp\pfc_ui\src\modules\home\widget\cumulative-status.jsx", "JavaScript JSX", 0, 0, 0, 0, 0, 82, 0, 0, 0, 5, 8, 95
"d:\Dibyojit\elogix_projects\veridata\general_setupImp\pfc_ui\src\modules\home\widget\index.js", "JavaScript", 9, 0, 0, 0, 0, 0, 0, 0, 0, 0, 0, 9
"d:\Dibyojit\elogix_projects\veridata\general_setupImp\pfc_ui\src\modules\home\widget\lapsed.jsx", "JavaScript JSX", 0, 0, 0, 0, 0, 102, 0, 0, 0, 9, 7, 118
"d:\Dibyojit\elogix_projects\veridata\general_setupImp\pfc_ui\src\modules\home\widget\link-not-sent.jsx", "JavaScript JSX", 0, 0, 0, 0, 0, 108, 0, 0, 0, 7, 6, 121
"d:\Dibyojit\elogix_projects\veridata\general_setupImp\pfc_ui\src\modules\home\widget\no-response.jsx", "JavaScript JSX", 0, 0, 0, 0, 0, 103, 0, 0, 0, 9, 5, 117
"d:\Dibyojit\elogix_projects\veridata\general_setupImp\pfc_ui\src\modules\home\widget\total-offer.jsx", "JavaScript JSX", 0, 0, 0, 0, 0, 23, 0, 0, 0, 6, 6, 35
"d:\Dibyojit\elogix_projects\veridata\general_setupImp\pfc_ui\src\modules\home\widget\under-process.jsx", "JavaScript JSX", 0, 0, 0, 0, 0, 102, 0, 0, 0, 11, 8, 121
"d:\Dibyojit\elogix_projects\veridata\general_setupImp\pfc_ui\src\modules\home\widget\upcoming-recruits.jsx", "JavaScript JSX", 0, 0, 0, 0, 0, 85, 0, 0, 0, 0, 15, 100
"d:\Dibyojit\elogix_projects\veridata\general_setupImp\pfc_ui\src\modules\home\widget\verified.jsx", "JavaScript JSX", 0, 0, 0, 0, 0, 102, 0, 0, 0, 7, 6, 115
"d:\Dibyojit\elogix_projects\veridata\general_setupImp\pfc_ui\src\modules\home\widget\widget-card.jsx", "JavaScript JSX", 0, 0, 0, 0, 0, 64, 0, 0, 0, 1, 10, 75
"d:\Dibyojit\elogix_projects\veridata\general_setupImp\pfc_ui\src\modules\index.js", "JavaScript", 3, 0, 0, 0, 0, 0, 0, 0, 0, 1, 1, 5
"d:\Dibyojit\elogix_projects\veridata\general_setupImp\pfc_ui\src\modules\lapsed-data\lapsed-data.jsx", "JavaScript JSX", 0, 0, 0, 0, 0, 211, 0, 0, 0, 20, 16, 247
"d:\Dibyojit\elogix_projects\veridata\general_setupImp\pfc_ui\src\modules\link-not-sent\link-not-sent.jsx", "JavaScript JSX", 0, 0, 0, 0, 0, 204, 0, 0, 0, 1, 9, 214
"d:\Dibyojit\elogix_projects\veridata\general_setupImp\pfc_ui\src\modules\processing-data\processing-data.jsx", "JavaScript JSX", 0, 0, 0, 0, 0, 193, 0, 0, 0, 13, 13, 219
"d:\Dibyojit\elogix_projects\veridata\general_setupImp\pfc_ui\src\modules\reports\appointee-count.jsx", "JavaScript JSX", 0, 0, 0, 0, 0, 106, 0, 0, 0, 0, 8, 114
"d:\Dibyojit\elogix_projects\veridata\general_setupImp\pfc_ui\src\modules\reports\cancelled-view.jsx", "JavaScript JSX", 0, 0, 0, 0, 0, 118, 0, 0, 0, 5, 14, 137
"d:\Dibyojit\elogix_projects\veridata\general_setupImp\pfc_ui\src\modules\reports\index.js", "JavaScript", 3, 0, 0, 0, 0, 0, 0, 0, 0, 0, 1, 4
"d:\Dibyojit\elogix_projects\veridata\general_setupImp\pfc_ui\src\modules\reports\pfusers-view.jsx", "JavaScript JSX", 0, 0, 0, 0, 0, 126, 0, 0, 0, 0, 11, 137
"d:\Dibyojit\elogix_projects\veridata\general_setupImp\pfc_ui\src\modules\reports\report.jsx", "JavaScript JSX", 0, 0, 0, 0, 0, 145, 0, 0, 0, 1, 9, 155
"d:\Dibyojit\elogix_projects\veridata\general_setupImp\pfc_ui\src\modules\reports\verified-view.jsx", "JavaScript JSX", 0, 0, 0, 0, 0, 134, 0, 0, 0, 4, 16, 154
"d:\Dibyojit\elogix_projects\veridata\general_setupImp\pfc_ui\src\modules\setup\general-setup-view.jsx", "JavaScript JSX", 0, 0, 0, 0, 0, 873, 0, 0, 0, 43, 16, 932
"d:\Dibyojit\elogix_projects\veridata\general_setupImp\pfc_ui\src\modules\setup\index.js", "JavaScript", 1, 0, 0, 0, 0, 0, 0, 0, 0, 0, 0, 1
"d:\Dibyojit\elogix_projects\veridata\general_setupImp\pfc_ui\src\modules\uploaded-data\uploaded-data.jsx", "JavaScript JSX", 0, 0, 0, 0, 0, 100, 0, 0, 0, 0, 7, 107
"d:\Dibyojit\elogix_projects\veridata\general_setupImp\pfc_ui\src\modules\user\create-user\create-user-view.jsx", "JavaScript JSX", 0, 0, 0, 0, 0, 87, 0, 0, 0, 139, 14, 240
"d:\Dibyojit\elogix_projects\veridata\general_setupImp\pfc_ui\src\modules\user\update-user-view\update-user-view.jsx", "JavaScript JSX", 0, 0, 0, 0, 0, 92, 0, 0, 0, 44, 8, 144
"d:\Dibyojit\elogix_projects\veridata\general_setupImp\pfc_ui\src\modules\user\user-creation-form\user-creation-form.jsx", "JavaScript JSX", 0, 0, 0, 0, 0, 183, 0, 0, 0, 17, 12, 212
"d:\Dibyojit\elogix_projects\veridata\general_setupImp\pfc_ui\src\modules\user\user-view\user-view.jsx", "JavaScript JSX", 0, 0, 0, 0, 0, 94, 0, 0, 0, 50, 8, 152
"d:\Dibyojit\elogix_projects\veridata\general_setupImp\pfc_ui\src\modules\user\userlist\userlist-view.jsx", "JavaScript JSX", 0, 0, 0, 0, 0, 51, 0, 0, 0, 4, 7, 62
"d:\Dibyojit\elogix_projects\veridata\general_setupImp\pfc_ui\src\server\api\access.jsx", "JavaScript JSX", 0, 0, 0, 0, 0, 9, 0, 0, 0, 1, 2, 12
"d:\Dibyojit\elogix_projects\veridata\general_setupImp\pfc_ui\src\server\api\city-search.jsx", "JavaScript JSX", 0, 0, 0, 0, 0, 0, 0, 0, 0, 0, 2, 2
"d:\Dibyojit\elogix_projects\veridata\general_setupImp\pfc_ui\src\server\api\get-menu-item.jsx", "JavaScript JSX", 0, 0, 0, 0, 0, 8, 0, 0, 0, 1, 2, 11
"d:\Dibyojit\elogix_projects\veridata\general_setupImp\pfc_ui\src\server\api\login.jsx", "JavaScript JSX", 0, 0, 0, 0, 0, 6, 0, 0, 0, 0, 2, 8
"d:\Dibyojit\elogix_projects\veridata\general_setupImp\pfc_ui\src\server\utils\axios.jsx", "JavaScript JSX", 0, 0, 0, 0, 0, 28, 0, 0, 0, 0, 5, 33
"d:\Dibyojit\elogix_projects\veridata\general_setupImp\pfc_ui\src\server\utils\pfc-requiest.jsx", "JavaScript JSX", 0, 0, 0, 0, 0, 138, 0, 0, 0, 5, 9, 152
"d:\Dibyojit\elogix_projects\veridata\general_setupImp\pfc_ui\src\shared\components\action-permission\action-permission.jsx", "JavaScript JSX", 0, 0, 0, 0, 0, 30, 0, 0, 0, 1, 6, 37
"d:\Dibyojit\elogix_projects\veridata\general_setupImp\pfc_ui\src\shared\components\auth-provider.jsx", "JavaScript JSX", 0, 0, 0, 0, 0, 19, 0, 0, 0, 5, 2, 26
"d:\Dibyojit\elogix_projects\veridata\general_setupImp\pfc_ui\src\shared\components\authorized-redirection.jsx", "JavaScript JSX", 0, 0, 0, 0, 0, 18, 0, 0, 0, 0, 3, 21
"d:\Dibyojit\elogix_projects\veridata\general_setupImp\pfc_ui\src\shared\components\disble-section\disble-section.jsx", "JavaScript JSX", 0, 0, 0, 0, 0, 9, 0, 0, 0, 0, 3, 12
"d:\Dibyojit\elogix_projects\veridata\general_setupImp\pfc_ui\src\shared\components\display-information\personal-information.jsx", "JavaScript JSX", 0, 0, 0, 0, 0, 40, 0, 0, 0, 0, 5, 45
"d:\Dibyojit\elogix_projects\veridata\general_setupImp\pfc_ui\src\shared\components\document-view\document-view.jsx", "JavaScript JSX", 0, 0, 0, 0, 0, 54, 0, 0, 0, 0, 2, 56
"d:\Dibyojit\elogix_projects\veridata\general_setupImp\pfc_ui\src\shared\components\download-report\download-report.jsx", "JavaScript JSX", 0, 0, 0, 0, 0, 117, 0, 0, 0, 13, 5, 135
"d:\Dibyojit\elogix_projects\veridata\general_setupImp\pfc_ui\src\shared\components\file-update\file-update.jsx", "JavaScript JSX", 0, 0, 0, 0, 0, 107, 0, 0, 0, 4, 9, 120
"d:\Dibyojit\elogix_projects\veridata\general_setupImp\pfc_ui\src\shared\components\file-upload-section\file-upload-section.jsx", "JavaScript JSX", 0, 0, 0, 0, 0, 33, 0, 0, 0, 3, 2, 38
"d:\Dibyojit\elogix_projects\veridata\general_setupImp\pfc_ui\src\shared\components\file-upload\file-upload.jsx", "JavaScript JSX", 0, 0, 0, 0, 0, 106, 0, 0, 0, 3, 9, 118
"d:\Dibyojit\elogix_projects\veridata\general_setupImp\pfc_ui\src\shared\components\form-dialog\close-appointee-add-Remarks.jsx", "JavaScript JSX", 0, 0, 0, 0, 0, 31, 0, 0, 0, 0, 2, 33
"d:\Dibyojit\elogix_projects\veridata\general_setupImp\pfc_ui\src\shared\components\form-dialog\update-appointee-data.jsx", "JavaScript JSX", 0, 0, 0, 0, 0, 85, 0, 0, 0, 4, 13, 102
"d:\Dibyojit\elogix_projects\veridata\general_setupImp\pfc_ui\src\shared\components\full-screen-wrapper\full-screen-wrapper.jsx", "JavaScript JSX", 0, 0, 0, 0, 0, 23, 0, 0, 0, 0, 5, 28
"d:\Dibyojit\elogix_projects\veridata\general_setupImp\pfc_ui\src\shared\components\index.js", "JavaScript", 0, 0, 0, 0, 0, 0, 0, 0, 0, 5, 0, 5
"d:\Dibyojit\elogix_projects\veridata\general_setupImp\pfc_ui\src\shared\components\otp\otp-generation\otp-generation.jsx", "JavaScript JSX", 0, 0, 0, 0, 0, 51, 0, 0, 0, 0, 6, 57
"d:\Dibyojit\elogix_projects\veridata\general_setupImp\pfc_ui\src\shared\components\otp\otp-submition\otp-submition.jsx", "JavaScript JSX", 0, 0, 0, 0, 0, 252, 0, 0, 0, 7, 24, 283
"d:\Dibyojit\elogix_projects\veridata\general_setupImp\pfc_ui\src\shared\components\private-component\private-component.jsx", "JavaScript JSX", 0, 0, 0, 0, 0, 13, 0, 0, 0, 11, 5, 29
"d:\Dibyojit\elogix_projects\veridata\general_setupImp\pfc_ui\src\shared\components\remarks-table\remarks-table.jsx", "JavaScript JSX", 0, 0, 0, 0, 0, 18, 0, 0, 0, 0, 3, 21
"d:\Dibyojit\elogix_projects\veridata\general_setupImp\pfc_ui\src\shared\components\shared-hooks.jsx", "JavaScript JSX", 0, 0, 0, 0, 0, 27, 0, 0, 0, 0, 4, 31
"d:\Dibyojit\elogix_projects\veridata\general_setupImp\pfc_ui\src\shared\components\update-button.jsx\update-button.jsx", "JavaScript JSX", 0, 0, 0, 0, 0, 12, 0, 0, 0, 0, 3, 15
"d:\Dibyojit\elogix_projects\veridata\general_setupImp\pfc_ui\src\shared\components\upload-button.jsx\upload-button.jsx", "JavaScript JSX", 0, 0, 0, 0, 0, 12, 0, 0, 0, 0, 3, 15
"d:\Dibyojit\elogix_projects\veridata\general_setupImp\pfc_ui\src\shared\components\verification\verification-icon.jsx", "JavaScript JSX", 0, 0, 0, 0, 0, 17, 0, 0, 0, 0, 4, 21
"d:\Dibyojit\elogix_projects\veridata\general_setupImp\pfc_ui\src\shared\components\verification\verification-status-section.jsx", "JavaScript JSX", 0, 0, 0, 0, 0, 13, 0, 0, 0, 0, 3, 16
"d:\Dibyojit\elogix_projects\veridata\general_setupImp\pfc_ui\src\shared\components\verification\verification-status.jsx", "JavaScript JSX", 0, 0, 0, 0, 0, 28, 0, 0, 0, 0, 2, 30
"d:\Dibyojit\elogix_projects\veridata\general_setupImp\pfc_ui\src\shared\constants\attachment-extention.jsx", "JavaScript JSX", 0, 0, 0, 0, 0, 2, 0, 0, 0, 3, 2, 7
"d:\Dibyojit\elogix_projects\veridata\general_setupImp\pfc_ui\src\shared\constants\constants.jsx", "JavaScript JSX", 0, 0, 0, 0, 0, 968, 0, 0, 0, 34, 33, 1035
"d:\Dibyojit\elogix_projects\veridata\general_setupImp\pfc_ui\src\shared\layouts\blank\BlankLayout.js", "JavaScript", 7, 0, 0, 0, 0, 0, 0, 0, 0, 0, 3, 10
"d:\Dibyojit\elogix_projects\veridata\general_setupImp\pfc_ui\src\shared\layouts\full\FullLayout.js", "JavaScript", 70, 0, 0, 0, 0, 0, 0, 0, 0, 2, 8, 80
"d:\Dibyojit\elogix_projects\veridata\general_setupImp\pfc_ui\src\shared\layouts\full\header\Header.js", "JavaScript", 66, 0, 0, 0, 0, 0, 0, 0, 0, 1, 6, 73
"d:\Dibyojit\elogix_projects\veridata\general_setupImp\pfc_ui\src\shared\layouts\full\header\data.js", "JavaScript", 0, 0, 0, 0, 0, 0, 0, 0, 0, 169, 10, 179
"d:\Dibyojit\elogix_projects\veridata\general_setupImp\pfc_ui\src\shared\layouts\full\header\profile.jsx", "JavaScript JSX", 0, 0, 0, 0, 0, 95, 0, 0, 0, 35, 8, 138
"d:\Dibyojit\elogix_projects\veridata\general_setupImp\pfc_ui\src\shared\layouts\full\shared\loadable\Loadable.js", "JavaScript", 8, 0, 0, 0, 0, 0, 0, 0, 0, 0, 3, 11
"d:\Dibyojit\elogix_projects\veridata\general_setupImp\pfc_ui\src\shared\layouts\full\shared\logo\Logo.js", "JavaScript", 18, 0, 0, 0, 0, 0, 0, 0, 0, 0, 4, 22
"d:\Dibyojit\elogix_projects\veridata\general_setupImp\pfc_ui\src\shared\layouts\full\sidebar\MenuItems.js", "JavaScript", 319, 0, 0, 0, 0, 0, 0, 0, 0, 101, 10, 430
"d:\Dibyojit\elogix_projects\veridata\general_setupImp\pfc_ui\src\shared\layouts\full\sidebar\NavGroup\NavGroup.js", "JavaScript", 35, 0, 0, 0, 0, 0, 0, 0, 0, 1, 4, 40
"d:\Dibyojit\elogix_projects\veridata\general_setupImp\pfc_ui\src\shared\layouts\full\sidebar\NavItem\index.js", "JavaScript", 71, 0, 0, 0, 0, 0, 0, 0, 0, 2, 6, 79
"d:\Dibyojit\elogix_projects\veridata\general_setupImp\pfc_ui\src\shared\layouts\full\sidebar\Sidebar.js", "JavaScript", 82, 0, 0, 0, 0, 0, 0, 0, 0, 0, 7, 89
"d:\Dibyojit\elogix_projects\veridata\general_setupImp\pfc_ui\src\shared\layouts\full\sidebar\SidebarItems.js", "JavaScript", 78, 0, 0, 0, 0, 0, 0, 0, 0, 29, 7, 114
"d:\Dibyojit\elogix_projects\veridata\general_setupImp\pfc_ui\src\shared\routes\custom-router.jsx", "JavaScript JSX", 0, 0, 0, 0, 0, 64, 0, 0, 0, 9, 6, 79
"d:\Dibyojit\elogix_projects\veridata\general_setupImp\pfc_ui\src\shared\utils\alert\AdminPannelAlert.js", "JavaScript", 44, 0, 0, 0, 0, 0, 0, 0, 0, 6, 18, 68
"d:\Dibyojit\elogix_projects\veridata\general_setupImp\pfc_ui\src\shared\utils\alert\CustomeAlert.js", "JavaScript", 9, 0, 0, 0, 0, 0, 0, 0, 0, 0, 2, 11
"d:\Dibyojit\elogix_projects\veridata\general_setupImp\pfc_ui\src\shared\utils\alert\ManuallyCloseableSnackBar.js", "JavaScript", 46, 0, 0, 0, 0, 0, 0, 0, 0, 3, 2, 51
"d:\Dibyojit\elogix_projects\veridata\general_setupImp\pfc_ui\src\shared\utils\alert\ShowAlertList.js", "JavaScript", 19, 0, 0, 0, 0, 0, 0, 0, 0, 0, 5, 24
"d:\Dibyojit\elogix_projects\veridata\general_setupImp\pfc_ui\src\shared\utils\alert\SweetAlert.js", "JavaScript", 56, 0, 0, 0, 0, 0, 0, 0, 0, 1, 8, 65
"d:\Dibyojit\elogix_projects\veridata\general_setupImp\pfc_ui\src\shared\utils\app-wrapper\app-wrapper.jsx", "JavaScript JSX", 0, 0, 0, 0, 0, 753, 0, 0, 0, 208, 13, 974
"d:\Dibyojit\elogix_projects\veridata\general_setupImp\pfc_ui\src\shared\utils\associate\add-is-check-flag.jsx", "JavaScript JSX", 0, 0, 0, 0, 0, 11, 0, 0, 0, 0, 1, 12
"d:\Dibyojit\elogix_projects\veridata\general_setupImp\pfc_ui\src\shared\utils\associate\arrange-sidebar-items.jsx", "JavaScript JSX", 0, 0, 0, 0, 0, 38, 0, 0, 0, 1, 3, 42
"d:\Dibyojit\elogix_projects\veridata\general_setupImp\pfc_ui\src\shared\utils\associate\array-object-values.jsx", "JavaScript JSX", 0, 0, 0, 0, 0, 0, 0, 0, 0, 3, 1, 4
"d:\Dibyojit\elogix_projects\veridata\general_setupImp\pfc_ui\src\shared\utils\associate\array-of-specific-object-value.jsx", "JavaScript JSX", 0, 0, 0, 0, 0, 0, 0, 0, 0, 5, 0, 5
"d:\Dibyojit\elogix_projects\veridata\general_setupImp\pfc_ui\src\shared\utils\associate\check-is-pastday.jsx", "JavaScript JSX", 0, 0, 0, 0, 0, 13, 0, 0, 0, 0, 1, 14
"d:\Dibyojit\elogix_projects\veridata\general_setupImp\pfc_ui\src\shared\utils\associate\check-validate-number.jsx", "JavaScript JSX", 0, 0, 0, 0, 0, 5, 0, 0, 0, 0, 2, 7
"d:\Dibyojit\elogix_projects\veridata\general_setupImp\pfc_ui\src\shared\utils\associate\date-filter.jsx", "JavaScript JSX", 0, 0, 0, 0, 0, 14, 0, 0, 0, 0, 3, 17
"d:\Dibyojit\elogix_projects\veridata\general_setupImp\pfc_ui\src\shared\utils\associate\download-file.jsx", "JavaScript JSX", 0, 0, 0, 0, 0, 8, 0, 0, 0, 0, 2, 10
"d:\Dibyojit\elogix_projects\veridata\general_setupImp\pfc_ui\src\shared\utils\associate\filter-object-property.jsx", "JavaScript JSX", 0, 0, 0, 0, 0, 4, 0, 0, 0, 0, 0, 4
"d:\Dibyojit\elogix_projects\veridata\general_setupImp\pfc_ui\src\shared\utils\associate\generate-fileupload-error-message.jsx", "JavaScript JSX", 0, 0, 0, 0, 0, 23, 0, 0, 0, 4, 1, 28
"d:\Dibyojit\elogix_projects\veridata\general_setupImp\pfc_ui\src\shared\utils\associate\generate-table-row-data.jsx", "JavaScript JSX", 0, 0, 0, 0, 0, 52, 0, 0, 0, 15, 7, 74
"d:\Dibyojit\elogix_projects\veridata\general_setupImp\pfc_ui\src\shared\utils\associate\get-attribute.jsx", "JavaScript JSX", 0, 0, 0, 0, 0, 3, 0, 0, 0, 0, 0, 3
"d:\Dibyojit\elogix_projects\veridata\general_setupImp\pfc_ui\src\shared\utils\associate\get-char-pos.jsx", "JavaScript JSX", 0, 0, 0, 0, 0, 3, 0, 0, 0, 0, 0, 3
"d:\Dibyojit\elogix_projects\veridata\general_setupImp\pfc_ui\src\shared\utils\associate\get-from-localstorage.jsx", "JavaScript JSX", 0, 0, 0, 0, 0, 4, 0, 0, 0, 0, 1, 5
"d:\Dibyojit\elogix_projects\veridata\general_setupImp\pfc_ui\src\shared\utils\associate\handle-short.jsx", "JavaScript JSX", 0, 0, 0, 0, 0, 22, 0, 0, 0, 0, 2, 24
"d:\Dibyojit\elogix_projects\veridata\general_setupImp\pfc_ui\src\shared\utils\associate\has-action-permition.jsx", "JavaScript JSX", 0, 0, 0, 0, 0, 35, 0, 0, 0, 10, 9, 54
"d:\Dibyojit\elogix_projects\veridata\general_setupImp\pfc_ui\src\shared\utils\associate\has-value.jsx", "JavaScript JSX", 0, 0, 0, 0, 0, 7, 0, 0, 0, 0, 1, 8
"d:\Dibyojit\elogix_projects\veridata\general_setupImp\pfc_ui\src\shared\utils\associate\open-link.jsx", "JavaScript JSX", 0, 0, 0, 0, 0, 3, 0, 0, 0, 0, 0, 3
"d:\Dibyojit\elogix_projects\veridata\general_setupImp\pfc_ui\src\shared\utils\associate\pattern-check.jsx", "JavaScript JSX", 0, 0, 0, 0, 0, 3, 0, 0, 0, 0, 0, 3
"d:\Dibyojit\elogix_projects\veridata\general_setupImp\pfc_ui\src\shared\utils\associate\remove-extra-spaces.jsx", "JavaScript JSX", 0, 0, 0, 0, 0, 2, 0, 0, 0, 0, 1, 3
"d:\Dibyojit\elogix_projects\veridata\general_setupImp\pfc_ui\src\shared\utils\associate\remove-from-localstorage.jsx", "JavaScript JSX", 0, 0, 0, 0, 0, 6, 0, 0, 0, 0, 3, 9
"d:\Dibyojit\elogix_projects\veridata\general_setupImp\pfc_ui\src\shared\utils\associate\seconds-to-minute-string.jsx", "JavaScript JSX", 0, 0, 0, 0, 0, 15, 0, 0, 0, 0, 3, 18
"d:\Dibyojit\elogix_projects\veridata\general_setupImp\pfc_ui\src\shared\utils\associate\select-checked-rows.jsx", "JavaScript JSX", 0, 0, 0, 0, 0, 6, 0, 0, 0, 0, 1, 7
"d:\Dibyojit\elogix_projects\veridata\general_setupImp\pfc_ui\src\shared\utils\associate\set-to-localstorage.jsx", "JavaScript JSX", 0, 0, 0, 0, 0, 4, 0, 0, 0, 0, 4, 8
"d:\Dibyojit\elogix_projects\veridata\general_setupImp\pfc_ui\src\shared\utils\associate\toggle-action-menu.jsx", "JavaScript JSX", 0, 0, 0, 0, 0, 8, 0, 0, 0, 0, 1, 9
"d:\Dibyojit\elogix_projects\veridata\general_setupImp\pfc_ui\src\shared\utils\associate\trimmed-date.jsx", "JavaScript JSX", 0, 0, 0, 0, 0, 4, 0, 0, 0, 0, 0, 4
"d:\Dibyojit\elogix_projects\veridata\general_setupImp\pfc_ui\src\shared\utils\associate\trimmed-filename.jsx", "JavaScript JSX", 0, 0, 0, 0, 0, 7, 0, 0, 0, 0, 1, 8
"d:\Dibyojit\elogix_projects\veridata\general_setupImp\pfc_ui\src\shared\utils\associate\two-digits.jsx", "JavaScript JSX", 0, 0, 0, 0, 0, 7, 0, 0, 0, 0, 1, 8
"d:\Dibyojit\elogix_projects\veridata\general_setupImp\pfc_ui\src\shared\utils\associate\update-localstorage.jsx", "JavaScript JSX", 0, 0, 0, 0, 0, 4, 0, 0, 0, 0, 1, 5
"d:\Dibyojit\elogix_projects\veridata\general_setupImp\pfc_ui\src\shared\utils\associate\upload-file-message.jsx", "JavaScript JSX", 0, 0, 0, 0, 0, 4, 0, 0, 0, 0, 1, 5
"d:\Dibyojit\elogix_projects\veridata\general_setupImp\pfc_ui\src\shared\utils\auto-complete\AutoCompleteSelect.jsx", "JavaScript JSX", 0, 0, 0, 0, 0, 30, 0, 0, 0, 0, 6, 36
"d:\Dibyojit\elogix_projects\veridata\general_setupImp\pfc_ui\src\shared\utils\button\button.jsx", "JavaScript JSX", 0, 0, 0, 0, 0, 0, 0, 0, 0, 0, 1, 1
"d:\Dibyojit\elogix_projects\veridata\general_setupImp\pfc_ui\src\shared\utils\button\button1.jsx", "JavaScript JSX", 0, 0, 0, 0, 0, 11, 0, 0, 0, 0, 2, 13
"d:\Dibyojit\elogix_projects\veridata\general_setupImp\pfc_ui\src\shared\utils\button\button2.jsx", "JavaScript JSX", 0, 0, 0, 0, 0, 9, 0, 0, 0, 0, 3, 12
"d:\Dibyojit\elogix_projects\veridata\general_setupImp\pfc_ui\src\shared\utils\confirmation-box\confirmation-box.jsx", "JavaScript JSX", 0, 0, 0, 0, 0, 0, 0, 0, 0, 15, 2, 17
"d:\Dibyojit\elogix_projects\veridata\general_setupImp\pfc_ui\src\shared\utils\dataTable\checkBoxdataTable.jsx", "JavaScript JSX", 0, 0, 0, 0, 0, 372, 0, 0, 0, 1, 28, 401
"d:\Dibyojit\elogix_projects\veridata\general_setupImp\pfc_ui\src\shared\utils\dataTable\collapsable-datatable.jsx", "JavaScript JSX", 0, 0, 0, 0, 0, 163, 0, 0, 0, 12, 12, 187
"d:\Dibyojit\elogix_projects\veridata\general_setupImp\pfc_ui\src\shared\utils\dataTable\dataTable.jsx", "JavaScript JSX", 0, 0, 0, 0, 0, 318, 0, 0, 0, 5, 28, 351
"d:\Dibyojit\elogix_projects\veridata\general_setupImp\pfc_ui\src\shared\utils\dataTable\dataTableProps.jsx", "JavaScript JSX", 0, 0, 0, 0, 0, 9, 0, 0, 0, 0, 5, 14
"d:\Dibyojit\elogix_projects\veridata\general_setupImp\pfc_ui\src\shared\utils\dataTable\first-cell.jsx", "JavaScript JSX", 0, 0, 0, 0, 0, 23, 0, 0, 0, 0, 3, 26
"d:\Dibyojit\elogix_projects\veridata\general_setupImp\pfc_ui\src\shared\utils\dataTable\singleTableCell.jsx", "JavaScript JSX", 0, 0, 0, 0, 0, 79, 0, 0, 0, 0, 9, 88
"d:\Dibyojit\elogix_projects\veridata\general_setupImp\pfc_ui\src\shared\utils\dataTable\table-action-cell.jsx", "JavaScript JSX", 0, 0, 0, 0, 0, 257, 0, 0, 0, 0, 10, 267
"d:\Dibyojit\elogix_projects\veridata\general_setupImp\pfc_ui\src\shared\utils\dataTable\table-clickable-cell.jsx", "JavaScript JSX", 0, 0, 0, 0, 0, 19, 0, 0, 0, 0, 1, 20
"d:\Dibyojit\elogix_projects\veridata\general_setupImp\pfc_ui\src\shared\utils\dataTable\table-status-cell.jsx", "JavaScript JSX", 0, 0, 0, 0, 0, 64, 0, 0, 0, 0, 4, 68
"d:\Dibyojit\elogix_projects\veridata\general_setupImp\pfc_ui\src\shared\utils\date-picker\date-picker.jsx", "JavaScript JSX", 0, 0, 0, 0, 0, 34, 0, 0, 0, 0, 3, 37
"d:\Dibyojit\elogix_projects\veridata\general_setupImp\pfc_ui\src\shared\utils\dialog\alert-dialog.jsx", "JavaScript JSX", 0, 0, 0, 0, 0, 0, 0, 0, 0, 49, 6, 55
"d:\Dibyojit\elogix_projects\veridata\general_setupImp\pfc_ui\src\shared\utils\fab-icon\fab-icon-model.jsx", "JavaScript JSX", 0, 0, 0, 0, 0, 14, 0, 0, 0, 0, 1, 15
"d:\Dibyojit\elogix_projects\veridata\general_setupImp\pfc_ui\src\shared\utils\fab-icon\fab-icon.jsx", "JavaScript JSX", 0, 0, 0, 0, 0, 18, 0, 0, 0, 0, 2, 20
"d:\Dibyojit\elogix_projects\veridata\general_setupImp\pfc_ui\src\shared\utils\index.js", "JavaScript", 54, 0, 0, 0, 0, 0, 0, 0, 0, 3, 1, 58
"d:\Dibyojit\elogix_projects\veridata\general_setupImp\pfc_ui\src\shared\utils\input-field\input-field-prop.jsx", "JavaScript JSX", 0, 0, 0, 0, 0, 8, 0, 0, 0, 0, 4, 12
"d:\Dibyojit\elogix_projects\veridata\general_setupImp\pfc_ui\src\shared\utils\input-field\input-field.jsx", "JavaScript JSX", 0, 0, 0, 0, 0, 18, 0, 0, 0, 0, 3, 21
"d:\Dibyojit\elogix_projects\veridata\general_setupImp\pfc_ui\src\shared\utils\interactive-list\interactive-list.jsx", "JavaScript JSX", 0, 0, 0, 0, 0, 37, 0, 0, 0, 0, 6, 43
"d:\Dibyojit\elogix_projects\veridata\general_setupImp\pfc_ui\src\shared\utils\issue-remedy\issue-remedy.jsx", "JavaScript JSX", 0, 0, 0, 0, 0, 52, 0, 0, 0, 2, 9, 63
"d:\Dibyojit\elogix_projects\veridata\general_setupImp\pfc_ui\src\shared\utils\layout\card-layout.jsx", "JavaScript JSX", 0, 0, 0, 0, 0, 14, 0, 0, 0, 0, 3, 17
"d:\Dibyojit\elogix_projects\veridata\general_setupImp\pfc_ui\src\shared\utils\layout\container.jsx", "JavaScript JSX", 0, 0, 0, 0, 0, 11, 0, 0, 0, 0, 1, 12
"d:\Dibyojit\elogix_projects\veridata\general_setupImp\pfc_ui\src\shared\utils\layout\content-wrapper.jsx", "JavaScript JSX", 0, 0, 0, 0, 0, 10, 0, 0, 0, 0, 2, 12
"d:\Dibyojit\elogix_projects\veridata\general_setupImp\pfc_ui\src\shared\utils\layout\detail-section.jsx", "JavaScript JSX", 0, 0, 0, 0, 0, 9, 0, 0, 0, 0, 3, 12
"d:\Dibyojit\elogix_projects\veridata\general_setupImp\pfc_ui\src\shared\utils\layout\input-card.jsx", "JavaScript JSX", 0, 0, 0, 0, 0, 58, 0, 0, 0, 0, 8, 66
"d:\Dibyojit\elogix_projects\veridata\general_setupImp\pfc_ui\src\shared\utils\layout\overlay-layout.jsx", "JavaScript JSX", 0, 0, 0, 0, 0, 16, 0, 0, 0, 14, 3, 33
"d:\Dibyojit\elogix_projects\veridata\general_setupImp\pfc_ui\src\shared\utils\layout\page-layout.jsx", "JavaScript JSX", 0, 0, 0, 0, 0, 19, 0, 0, 0, 0, 2, 21
"d:\Dibyojit\elogix_projects\veridata\general_setupImp\pfc_ui\src\shared\utils\layout\section-search-card.jsx", "JavaScript JSX", 0, 0, 0, 0, 0, 0, 0, 0, 0, 10, 4, 14
"d:\Dibyojit\elogix_projects\veridata\general_setupImp\pfc_ui\src\shared\utils\list-table\list-table.jsx", "JavaScript JSX", 0, 0, 0, 0, 0, 58, 0, 0, 0, 0, 6, 64
"d:\Dibyojit\elogix_projects\veridata\general_setupImp\pfc_ui\src\shared\utils\loader\circularIndeterminate.jsx", "JavaScript JSX", 0, 0, 0, 0, 0, 13, 0, 0, 0, 0, 1, 14
"d:\Dibyojit\elogix_projects\veridata\general_setupImp\pfc_ui\src\shared\utils\models\confirmation-model.jsx", "JavaScript JSX", 0, 0, 0, 0, 0, 31, 0, 0, 0, 0, 4, 35
"d:\Dibyojit\elogix_projects\veridata\general_setupImp\pfc_ui\src\shared\utils\models\form-dialog.jsx", "JavaScript JSX", 0, 0, 0, 0, 0, 36, 0, 0, 0, 5, 2, 43
"d:\Dibyojit\elogix_projects\veridata\general_setupImp\pfc_ui\src\shared\utils\models\fullscreen-model.jsx", "JavaScript JSX", 0, 0, 0, 0, 0, 57, 0, 0, 0, 27, 7, 91
"d:\Dibyojit\elogix_projects\veridata\general_setupImp\pfc_ui\src\shared\utils\models\info-moel.jsx", "JavaScript JSX", 0, 0, 0, 0, 0, 22, 0, 0, 0, 0, 4, 26
"d:\Dibyojit\elogix_projects\veridata\general_setupImp\pfc_ui\src\shared\utils\models\submit-modal.jsx", "JavaScript JSX", 0, 0, 0, 0, 0, 39, 0, 0, 0, 0, 2, 41
"d:\Dibyojit\elogix_projects\veridata\general_setupImp\pfc_ui\src\shared\utils\page-headings\page-heading1.jsx", "JavaScript JSX", 0, 0, 0, 0, 0, 8, 0, 0, 0, 1, 1, 10
"d:\Dibyojit\elogix_projects\veridata\general_setupImp\pfc_ui\src\shared\utils\response-message\response-message.jsx", "JavaScript JSX", 0, 0, 0, 0, 0, 17, 0, 0, 0, 0, 2, 19
"d:\Dibyojit\elogix_projects\veridata\general_setupImp\pfc_ui\src\shared\utils\search\search-app-bar.jsx", "JavaScript JSX", 0, 0, 0, 0, 0, 109, 0, 0, 0, 0, 11, 120
"d:\Dibyojit\elogix_projects\veridata\general_setupImp\pfc_ui\src\shared\utils\skeltons\circel-skelton\circel-skelton1.jsx", "JavaScript JSX", 0, 0, 0, 0, 0, 5, 0, 0, 0, 0, 3, 8
"d:\Dibyojit\elogix_projects\veridata\general_setupImp\pfc_ui\src\shared\utils\skeltons\rectangular-skelton\rectangular-skelton1.jsx", "JavaScript JSX", 0, 0, 0, 0, 0, 4, 0, 0, 0, 0, 3, 7
"d:\Dibyojit\elogix_projects\veridata\general_setupImp\pfc_ui\src\shared\utils\skeltons\rectangular-skelton\rectangular-skelton2.jsx", "JavaScript JSX", 0, 0, 0, 0, 0, 4, 0, 0, 0, 0, 2, 6
"d:\Dibyojit\elogix_projects\veridata\general_setupImp\pfc_ui\src\shared\utils\skeltons\text-skelton\text-skelton1.jsx", "JavaScript JSX", 0, 0, 0, 0, 0, 4, 0, 0, 0, 0, 3, 7
"d:\Dibyojit\elogix_projects\veridata\general_setupImp\pfc_ui\src\shared\utils\skeltons\widget-card-skelton.jsx", "JavaScript JSX", 0, 0, 0, 0, 0, 10, 0, 0, 0, 3, 4, 17
"d:\Dibyojit\elogix_projects\veridata\general_setupImp\pfc_ui\src\shared\utils\small-list-table\small-list-table.jsx", "JavaScript JSX", 0, 0, 0, 0, 0, 121, 0, 0, 0, 3, 24, 148
"d:\Dibyojit\elogix_projects\veridata\general_setupImp\pfc_ui\src\shared\utils\tooltip\dark-tooltip.jsx", "JavaScript JSX", 0, 0, 0, 0, 0, 15, 0, 0, 0, 1, 2, 18
"d:\Dibyojit\elogix_projects\veridata\general_setupImp\pfc_ui\src\store\actions\actionTypes.jsx", "JavaScript JSX", 0, 0, 0, 0, 0, 2, 0, 0, 0, 0, 0, 2
"d:\Dibyojit\elogix_projects\veridata\general_setupImp\pfc_ui\src\store\index.js", "JavaScript", 30, 0, 0, 0, 0, 0, 0, 0, 0, 1, 3, 34
"d:\Dibyojit\elogix_projects\veridata\general_setupImp\pfc_ui\src\store\reducers\loading-context-provider.jsx", "JavaScript JSX", 0, 0, 0, 0, 0, 56, 0, 0, 0, 1, 5, 62
"d:\Dibyojit\elogix_projects\veridata\general_setupImp\pfc_ui\src\store\reducers\reducer.jsx", "JavaScript JSX", 0, 0, 0, 0, 0, 0, 0, 0, 0, 18, 4, 22
"d:\Dibyojit\elogix_projects\veridata\general_setupImp\pfc_ui\src\store\slices\action-route-slice.jsx", "JavaScript JSX", 0, 0, 0, 0, 0, 15, 0, 0, 0, 0, 2, 17
"d:\Dibyojit\elogix_projects\veridata\general_setupImp\pfc_ui\src\store\slices\api-slice.jsx", "JavaScript JSX", 0, 0, 0, 0, 0, 15, 0, 0, 0, 0, 2, 17
"d:\Dibyojit\elogix_projects\veridata\general_setupImp\pfc_ui\src\store\slices\common-hook-function-slice.jsx", "JavaScript JSX", 0, 0, 0, 0, 0, 15, 0, 0, 0, 0, 3, 18
"d:\Dibyojit\elogix_projects\veridata\general_setupImp\pfc_ui\src\store\slices\dropdown-slice.jsx", "JavaScript JSX", 0, 0, 0, 0, 0, 15, 0, 0, 0, 0, 2, 17
"d:\Dibyojit\elogix_projects\veridata\general_setupImp\pfc_ui\src\store\slices\function-slice.jsx", "JavaScript JSX", 0, 0, 0, 0, 0, 15, 0, 0, 0, 0, 2, 17
"d:\Dibyojit\elogix_projects\veridata\general_setupImp\pfc_ui\src\store\slices\login-slice.jsx", "JavaScript JSX", 0, 0, 0, 0, 0, 15, 0, 0, 0, 0, 2, 17
"d:\Dibyojit\elogix_projects\veridata\general_setupImp\pfc_ui\src\store\slices\logout-slice.jsx", "JavaScript JSX", 0, 0, 0, 0, 0, 15, 0, 0, 0, 0, 2, 17
"d:\Dibyojit\elogix_projects\veridata\general_setupImp\pfc_ui\src\store\slices\popup-slice.jsx", "JavaScript JSX", 0, 0, 0, 0, 0, 15, 0, 0, 0, 0, 2, 17
"d:\Dibyojit\elogix_projects\veridata\general_setupImp\pfc_ui\src\store\slices\set-table-rows-slice.jsx", "JavaScript JSX", 0, 0, 0, 0, 0, 15, 0, 0, 0, 0, 2, 17
"d:\Dibyojit\elogix_projects\veridata\general_setupImp\pfc_ui\src\store\slices\side-menu-items-slice.jsx", "JavaScript JSX", 0, 0, 0, 0, 0, 17, 0, 0, 0, 1, 4, 22
"d:\Dibyojit\elogix_projects\veridata\general_setupImp\pfc_ui\src\user-config.js", "JavaScript", 18, 0, 0, 0, 0, 0, 0, 0, 0, 5, 4, 27
"Total", "-", 1139, 1, 31937, 38, 37, 13698, 160, 1053, 8, 1906, 1397, 51374